PARAMETERS,PM10,PM2.5_,SO2,CO_,NO,NO2_,NOX,NH3_,O3_,BEN_,TOLU_,ETHYL,MP_,OXY_,WS,WD,TC_,RH_,SR_,RG_,AQI
UNIT,?g/m3,?g/m3,?g/m3,mg/m3,?g/m3,?g/m3,?g/m3,?g/m3,?g/m3,?g/m3,?g/m3,?g/m3,?g/m3,?g/m3,m/s,degre-----,degreC,%,W/m2,m m,
1/1/2023,100.13,31.74,2.07,0.4,12.18,16.43,25.95,9,61.43,0.96,1.46,0,0,0,1.61,261.44,26.74,71.47,278.92,0,100
2/1/2023,91.88,39.41,1.05,0.52,12.24,16.37,26.09,8.99,61.96,0.96,1.45,0,0,0,1.96,261.24,26.87,58.22,280.71,0,92
3/1/2023,96.49,36.66,1.77,0.4,12.22,16.49,26.18,9,61.77,0.96,1.46,0,0,0,1.68,260.83,26.65,60.1,277.75,0,96
4/1/2023,116.27,27.91,3.03,0.52,12.15,16.4,26.14,8.98,61.17,0.96,1.45,0,0,0,1.78,260.77,26.96,57.47,281.91,0,111
5/1/2023,105.45,32.49,4.66,0.42,12.18,16.5,26.16,9.01,61.41,0.96,1.46,0,0,0,2.06,260.93,27.25,57.3,285.72,0,104
6/1/2023,117.53,42.58,3.95,0.39,12.19,16.56,26.08,8.98,61.55,0.96,1.46,0,0,0,2.4,261.18,28.13,52.67,297.3,0,112
7/1/2023,119.98,42.58,2.83,0.48,12.19,16.54,26.33,9.06,61.58,0.96,1.46,0,0,0,2.17,261.03,28.38,52.47,300.58,0,113
8/1/2023,177.73,42.65,8.83,0.64,12.22,16.57,25.99,8.96,61.79,0.96,1.46,0,0,0,1.7,260.61,27.88,58.32,294,0,152
9/1/2023,196.34,42.65,4.96,0.71,12.22,16.55,26.03,8.99,61.78,0.96,1.46,0,0,0,1.69,260.78,27.26,61.56,285.8,0,164
10/1/2023,127.59,42.5,6.97,0.43,12.17,16.54,26.1,9,61.32,0.96,1.46,0,0,0,2.03,260.79,26.73,52.89,278.83,0,118
11/1/2023,124.09,47.49,3.92,0.64,12.21,16.61,26.14,9.01,50.81,0.96,1.46,0,0,0,1.67,260.83,26.04,59.55,269.77,0,116
12/1/2023,153.21,26.28,6.33,0.67,12.23,16.4,26.17,8.97,25.8,0.96,1.45,0,0,0,1.62,261.69,25.53,66.35,263.01,0,135
13-01-2023,152.89,38.76,8.9,1.24,8.17,12.69,19.21,6.63,33.13,0.96,1.46,0,0,0,1.52,262.25,24.68,71.95,251.76,0.01,104
14-01-2023,120.41,65.12,3.19,1.4,5.2,9.91,14.2,5.02,38.63,0.96,1.46,0,0,0,1.63,261.34,26.1,63.43,270.52,0,117
15-01-2023,131.06,64.7,3.54,1.18,5.17,9.91,13.95,5.03,38.39,0.96,1.46,0,0,0,1.6,260.41,25.86,66.58,267.35,0.05,121
16-01-2023,131.01,65.32,6.65,0.98,5.21,9.8,14.03,4.98,38.74,0.96,1.45,0,0,0,1.59,260.11,26.58,65.93,276.91,0.03,121
17-01-2023,111.56,64.95,5.24,0.72,5.19,10,14.14,5,38.53,0.96,1.46,0,0,0,1.67,260.61,26.87,61.24,280.69,0,117
18-01-2023,97.55,65.32,12.37,0.44,5.21,9.92,13.95,4.99,38.73,0.96,1.46,0,0,0,2.14,260.57,27.04,54.69,282.93,0.03,118
19-01-2023,110.66,64.75,8.8,0.78,5.18,9.8,14.26,4.98,38.42,0.96,1.45,0,0,0,2.17,260.4,27.21,49.49,285.13,0.01,116
20-01-2023,114.45,65.12,5.47,0.9,5.2,9.86,14.26,5.01,38.64,0.96,1.46,0,0,0,2.31,260.59,27.14,46.1,284.18,0,117
21-01-2023,140.8,64.95,4.1,1.21,5.19,9.88,14.18,5.03,38.54,0.96,1.46,0,0,0,1.89,260.69,26.59,54.59,276.96,0,127
22-01-2023,134.8,65.43,6.5,1.05,5.22,9.84,13.98,5.02,38.8,0.96,1.45,0,0,0,1.92,260.6,27.01,55.76,282.53,0,123
23-01-2023,146.45,65.35,12.3,1.25,5.22,9.9,14.08,4.97,38.75,0.96,1.46,0,0,0,1.85,260.31,28.28,56.61,299.26,0.13,131
24-01-2023,104.22,64.71,5.28,0.65,5.17,9.9,13.96,5.01,38.4,0.96,1.46,0,0,0,1.86,260.47,27.42,69.56,287.99,0.06,116
25-01-2023,86.37,65.43,4.33,0.85,5.22,9.93,14.07,5.02,38.8,0.96,1.46,0,0,0,1.96,260.38,27.34,66.94,286.88,0.01,118
26-01-2023,126.75,65.2,9.02,0.89,5.21,9.99,13.9,4.98,38.67,0.96,1.46,0,0,0,1.89,260.14,27.01,62.63,282.48,0.01,118
27-01-2023,158.52,65.29,3.17,1.54,5.21,9.84,14.15,5,38.72,0.96,1.45,0,0,0,1.59,260.17,27.08,61.14,283.47,0,139
28-01-2023,130.61,65.01,5.93,1.22,5.19,9.98,14.11,5.02,38.57,0.96,1.46,0,0,0,1.64,260.31,26.88,60.83,280.82,0.07,120
29-01-2023,138.12,64.3,10.31,1.56,5.15,10.01,14.04,4.97,38.17,0.96,1.46,0,0,0,1.59,260.38,26.82,59.46,280.04,0,126
30-01-2023,145.7,65.03,3.79,0.8,5.19,9.95,14.09,4.99,38.58,0.96,1.46,0,0,0,1.93,260.29,27.52,68,289.31,0.01,130
31-01-2023,129.2,64.88,3.41,1.56,5.18,9.88,13.98,4.93,38.49,0.96,1.45,0,0,0,1.7,260.09,28.21,67.69,298.35,0.01,119
1/2/2023,148.1,65,6.22,1.57,5.19,10,14.06,4.97,38.56,0.96,1.46,0,0,0,1.72,260.26,28.7,62.46,304.88,0.01,132
2/2/2023,150.9,64.95,2.75,0.89,5.19,9.97,14.06,4.99,38.53,0.96,1.46,0,0,0,1.75,260.32,28.21,49.31,298.41,0,134
3/2/2023,116.1,64.88,5.64,1.18,5.18,9.95,14.03,4.98,38.5,0.96,1.46,0,0,0,2.29,260.55,28.33,53.69,299.9,0,116
4/2/2023,118.4,65.44,9.68,1.65,5.22,9.79,14.13,4.98,38.8,0.96,1.45,0,0,0,1.96,260.3,28.41,62.46,301.02,0,118
5/2/2023,130.3,60.14,3.93,1.35,5.08,10.51,17.97,4.97,38.48,0.96,1.46,0,0,0,1.74,260,28.78,55.65,305.93,0,120
6/2/2023,111.1,45.94,6.14,1,4.78,12.31,32.09,4.98,38.49,0.96,1.46,0,0,0,1.76,260.22,28.17,46.59,297.82,0,108
7/2/2023,133.9,45.85,10.15,1.16,4.75,12.25,31.98,4.96,38.32,0.96,1.45,0,0,0,1.48,261.23,27.25,61.91,285.68,0,123
8/2/2023,155.2,45.92,4.37,1.44,4.77,12.38,31.92,5.02,38.46,0.96,1.46,0,0,0,1.62,260.5,28.13,65.05,297.26,0,137
9/2/2023,175.3,45.9,5.92,1.73,4.76,12.22,31.91,4.98,38.41,0.96,1.45,0,0,0,1.57,260.34,27.95,72.36,294.94,0,150
10/2/2023,159.2,46.04,1.97,1.6,4.81,12.27,32.04,5.01,38.7,0.96,1.45,0,0,0,1.47,260.11,28.41,61.85,301.08,0,139
11/2/2023,168.4,46.18,5.94,1.69,4.87,12.3,31.97,4.97,39.01,0.96,1.46,0,0,0,1.42,260.09,26.65,64.34,277.79,0.01,146
12/2/2023,161.3,45.82,4.55,0.95,4.74,12.33,31.94,4.98,38.25,0.96,1.46,0,0,0,1.61,260.1,27.43,63.32,288.08,0,141
13-02-2023,156.1,46.14,3.56,1.43,4.85,12.19,31.97,4.97,38.92,0.96,1.45,0,0,0,1.75,260.28,28.22,54.92,298.52,0,137
14-02-2023,134.2,53.58,7,0.92,4.78,12.28,31.94,4.99,38.53,0.96,1.46,0,0,0,1.6,260.19,27.67,54.95,291.29,0,123
15-02-2023,156.1,75.59,5.25,1.21,4.87,12.33,32.08,4.97,39.02,0.96,1.46,0,0,0,1.62,260.14,27.19,61.99,284.92,0,152
16-02-2023,164.1,75.25,18.45,1.01,4.79,12.36,31.93,4.96,38.56,0.96,1.46,0,0,0,1.74,260.18,28.23,53.81,298.67,0,151
17-02-2023,153.2,75.5,5.2,1.02,4.85,12.38,32.06,4.92,38.88,0.96,1.46,0,0,0,1.73,260.2,27.65,56.65,291.02,0,152
18-02-2023,146.2,75.72,3.5,0.97,4.9,12.14,31.99,5.03,39.19,0.96,1.45,0,0,0,1.51,260.75,27.28,68.63,286.13,0,152
19-02-2023,123.1,74.89,4.71,0.94,4.71,12.28,31.96,4.96,38.08,0.96,1.45,0,0,0,1.68,261.05,27.88,68.56,293.98,0,150
20-02-2023,135.2,75.01,1.33,0.77,4.73,12.26,32.19,4.95,38.25,0.96,1.45,0,0,0,1.91,260.38,28.43,68.91,301.22,0,150
21-02-2023,128.8,75.25,3.06,0.99,4.79,12.3,32.01,4.99,38.57,0.96,1.46,0,0,0,1.9,260.38,29.07,68.49,309.69,0,151
22-02-2023,151.9,75.34,11.35,0.93,4.81,12.31,31.94,5.01,38.68,0.96,1.46,0,0,0,1.76,260.35,29.03,56.77,309.25,0,151
23-02-2023,141,75.12,7.42,1.11,4.76,12.32,32.02,5.01,38.39,0.96,1.46,0,0,0,1.73,260.17,28.49,50.01,302.12,0,150
24-02-2023,112.8,75.03,2.22,0.93,4.74,12.23,31.98,4.94,38.27,0.96,1.45,0,0,0,1.7,260.14,28.09,61.37,296.76,0,150
25-02-2023,119.4,75.59,5.82,1.01,4.87,12.36,32,4.98,39.02,0.96,1.46,0,0,0,1.73,260.16,28.89,59.94,307.32,0,152
26-02-2023,135.4,75.44,8.42,1.04,4.83,12.26,32.01,4.99,38.82,0.96,1.45,0,0,0,1.97,260.18,28.9,43.84,307.52,0,151
27-02-2023,105,75.42,2.51,1.01,4.83,12.31,32.04,5.01,38.78,0.96,1.46,0,0,0,2.08,260.33,28.3,43.02,299.62,0,151
28-02-2023,117.1,75.2,17.27,0.66,4.78,12.29,31.91,5.01,38.49,0.96,1.46,0,0,0,2.17,260.21,28.66,51.63,304.37,0,151
3/3/2023,114.71,75.17,10.57,0.71,4.77,12.26,32.03,4.96,38.45,0.96,1.45,0,0,0,2.12,260.16,29.22,33.61,311.77,0,151
4/3/2023,116.16,74.88,9.04,0.85,4.7,12.31,32.05,5.01,38.07,0.96,1.46,0,0,0,1.83,259.3,28.8,43.45,306.11,0,150
5/3/2023,112.34,72.26,9.71,1.25,4.79,12.26,32.01,5,38.6,0.96,1.45,0,0,0,1.87,259.82,29.26,51.68,312.27,0,141
6/3/2023,119.6,59.36,14.58,0.94,4.76,12.34,32.01,5.03,38.4,0.96,1.46,0,0,0,1.85,259.78,29.45,46.51,314.71,0,113
7/3/2023,113.88,63.38,2.78,1.08,4.79,12.37,32.06,4.96,38.58,0.96,1.46,0,0,0,1.73,260.17,29.19,54.22,311.28,0,111
8/3/2023,119.94,66.97,2.6,0.72,4.79,12.2,31.97,5.03,38.58,0.96,1.45,0,0,0,2.32,259.6,29.94,49.42,321.22,0,123
9/3/2023,119.93,66.96,6.22,1.02,4.79,12.38,32,5,38.57,0.96,1.46,0,0,0,2.14,259.21,29.98,45.01,321.74,0,123
10/3/2023,120.19,67.11,6.3,1.09,4.83,12.29,31.82,4.95,38.78,0.96,1.46,0,0,0,1.8,260.01,29.72,52.63,318.24,0,124
11/3/2023,120.16,67.09,4.24,0.99,4.82,12.32,32.03,5,38.75,0.96,1.46,0,0,0,1.82,260.06,29.3,60.06,312.74,0,124
12/3/2023,119.86,66.92,8.22,1.23,4.78,12.29,31.99,5.01,38.52,0.96,1.45,0,0,0,1.88,260.01,29.88,58.43,320.43,0,123
13-03-2023,119.65,66.8,1.57,1.52,4.75,12.25,31.95,4.98,38.36,0.96,1.45,0,0,0,2.1,260.39,29.53,62,315.79,0,123
14-03-2023,119.82,66.9,4.28,1.64,4.78,12.29,32.1,4.99,38.49,0.96,1.46,0,0,0,1.91,260.28,30.04,64.3,322.54,0,123
15-03-2023,120.49,67.28,4.34,1,4.86,12.34,32.03,4.99,39,0.96,1.46,0,0,0,1.72,260.09,29.12,72.98,310.42,0,124
16-03-2023,116.67,65.48,1.08,1.14,4.78,12.24,32,4.96,38.52,0.96,1.45,0,0,0,1.78,260.05,28.19,73.79,298.11,0,118
17-03-2023,99.76,57.78,0.7,0.77,4.73,12.29,31.92,4.97,38.21,0.96,1.46,0,0,0,1.94,260.08,29.59,68.96,316.61,0,100
18-03-2023,99.97,57.97,2.48,0.91,4.79,12.28,32.02,5,38.57,0.96,1.45,0,0,0,1.82,259.79,29.57,64.23,316.34,0,100
19-03-2023,100.01,58.01,0.36,0.36,4.8,12.34,31.98,5,38.65,0.96,1.46,0,0,0,2.08,258.85,28.94,67.15,308.01,0,100
20-03-2023,100.06,58.05,0.65,0.47,4.82,12.28,31.88,5.01,38.73,0.96,1.45,0,0,0,1.98,259.81,28.97,67.82,308.35,0,100
21-03-2023,100.17,58.16,1.69,0.57,4.85,12.29,31.91,5,38.93,0.96,1.46,0,0,0,1.94,259.93,28.82,61.72,306.38,0,104
22-03-2023,99.99,57.99,3.16,0.42,4.8,12.24,32.12,4.96,38.61,0.96,1.45,0,0,0,1.96,259,28.43,65.41,301.34,0,104
23-03-2023,99.98,57.98,1.31,0.44,4.79,12.17,32.07,5,38.59,0.96,1.45,0,0,0,1.86,257.9,28.89,70.81,307.31,0,104
24-03-2023,100.04,58.04,2.53,0.48,4.81,12.33,32.07,4.98,38.69,0.96,1.46,0,0,0,1.72,259.62,28.81,74.26,306.24,0,100
25-03-2023,99.82,57.84,0.52,0.71,4.75,12.35,32.03,4.97,38.31,0.96,1.46,0,0,0,1.57,260.05,29.38,68.47,313.87,0,100
26-03-2023,100.06,58.06,0.31,0.48,4.82,12.32,32.15,4.98,38.73,0.96,1.46,0,0,0,1.9,260.17,29.42,65.75,314.4,0,100
27-03-2023,99.94,57.95,4.11,0.47,4.78,12.4,32.03,4.95,38.52,0.96,1.46,0,0,0,2.2,260.18,29.41,64.64,314.18,0,100
28-03-2023,100.03,58.03,0.62,0.46,4.81,12.31,32.02,5.01,38.67,0.96,1.46,0,0,0,1.78,260.08,29.41,71.3,314.16,0,100
29-03-2023,100.1,58.1,1.25,0.49,4.83,12.24,32.09,4.96,38.81,0.96,1.45,0,0,0,2,260.16,29.5,73.36,315.45,0,100
30-03-2023,97.4,52.94,2.62,0.41,4.76,12.38,32,4.98,38.37,0.96,1.46,0,0,0,2.08,259.07,29.32,72.56,312.96,0,97
31-03-2023,73.84,46.05,4.18,0.33,4.81,12.23,31.98,5.01,38.7,0.96,1.45,0,0,0,2.11,257.62,29.15,68.68,310.73,0,77
1/3/2023,65.64,46.18,0.82,0.45,4.85,12.18,32.03,5.01,38.91,0.96,1.45,0,0,0,2.07,257.98,28.77,71.6,305.76,0,77
2/3/2023,68.98,44.73,0.56,0.32,4.83,12.33,31.96,4.96,38.8,0.96,1.46,0,0,0,1.99,257.96,28.99,69.93,308.62,0,75
3/3/2023,83.25,38.67,2.43,0.43,4.82,12.34,31.96,4.98,38.75,0.96,1.46,0,0,0,2.13,258.08,28.7,70.55,304.84,0,83
4/3/2023,83.04,38.68,3.31,0.45,4.82,12.34,32.02,5.03,38.77,0.96,1.46,0,0,0,2.2,257.72,29.24,64.52,311.95,0,83
5/3/2023,196.57,45.66,1.72,0.43,4.75,12.27,31.99,5,38.34,0.96,1.45,0,0,0,2.02,258.11,29.12,69.73,310.41,0,
6/3/2023,,,0.8,0.43,4.85,12.25,32.07,5.01,38.9,0.96,1.45,0,0,0,1.81,258.52,29.72,71.51,318.26,0,
7/3/2023,,,1.14,0.47,4.86,12.32,32.03,4.98,38.98,0.96,1.46,0,0,0,1.86,258.75,29.52,73.44,315.64,0,
8/3/2023,,,0.67,0.52,4.8,12.23,32.1,5,38.65,0.96,1.45,0,0,0,1.75,258.51,30.16,70.22,324.08,0,
9/3/2023,,,1.22,0.42,4.76,12.22,31.99,4.95,38.4,0.96,1.45,0,0,0,1.79,258.54,30.39,66.86,327.11,0,
10/3/2023,105.67,4.04,0.88,0.46,4.74,12.26,32.04,4.95,38.29,0.96,1.45,0,0,0,1.9,259.06,30.27,70.01,325.6,0,104
11/3/2023,104.23,31.32,0.16,0.53,4.81,12.32,31.95,4.99,38.7,0.96,1.46,0,0,0,1.69,258.42,30.64,71.17,330.44,0,103
12/3/2023,111.9,37.05,1.82,0.88,4.85,12.43,32.05,4.97,39.07,0.96,1.46,0,0,0,1.74,257.72,30.58,72.17,329.69,0,108
13-03-2023,106.2,33.81,2.71,0.53,4.77,12.29,32.04,4.95,38.44,0.96,1.46,0,0,0,1.89,258.38,30.69,70.95,331.1,0,104
14-03-2023,111.27,34.93,0.16,0.43,4.84,12.36,31.96,5.04,38.83,0.96,1.46,0,0,0,2,257.88,30.54,73.35,329.09,0,108
15-03-2023,133.17,44.52,1.94,0.4,4.83,12.19,31.97,5,38.78,0.96,1.45,0,0,0,1.88,259.35,30.14,73.74,323.83,0,122
16-03-2023,126.94,40.56,1.25,0.39,4.79,12.46,32.06,5.03,38.58,0.96,1.46,0,0,0,1.9,259.74,30.29,73.13,325.81,0,118
17-03-2023,109.21,37.04,0.43,0.47,4.74,12.24,32.05,4.99,38.27,0.96,1.45,0,0,0,1.95,258.8,30.7,72.57,331.29,0,106
18-03-2023,103.97,35.34,1.15,0.33,4.83,12.28,31.95,4.97,38.78,0.96,1.46,0,0,0,2,258.11,31.03,72.92,335.65,0,103
19-03-2023,90.95,27.35,2.46,0.63,4.81,12.23,32.04,4.98,38.68,0.96,1.45,0,0,0,1.73,258.02,30.76,69.03,332,0,91
20-03-2023,89.43,29.57,0.79,0.4,4.78,12.28,32.03,4.98,38.54,0.96,1.45,0,0,0,1.98,257.84,30.46,66.98,328.05,0,89
21-03-2023,90.82,29.48,1.23,0.35,4.78,12.27,31.88,5.01,38.52,0.96,1.45,0,0,0,1.94,257.89,30.52,71.08,328.85,0,91
22-03-2023,87.17,27.94,1.84,0.56,4.82,12.26,32.1,5,38.73,0.96,1.45,0,0,0,2.03,257.76,30.27,68.38,325.59,0,87
23-03-2023,87.86,27.93,0.34,0.51,4.81,12.22,32.04,4.99,38.66,0.96,1.45,0,0,0,1.99,257.82,30.3,68.16,325.9,0,88
24-03-2023,98.29,32.18,4.77,1.02,4.85,12.33,31.94,4.99,38.91,0.96,1.46,0,0,0,1.97,257.64,30.56,68.96,329.35,0,98
25-03-2023,80.47,25.12,2.61,0.65,4.77,12.4,31.91,4.99,38.44,0.96,1.46,0,0,0,1.65,257.95,29.06,74.91,309.58,0,80
26-03-2023,57.78,20.19,3.9,0.53,4.74,12.22,32.07,5.02,38.27,0.96,1.45,0,0,0,1.95,259.13,28.41,75.51,301.03,0,58
27-03-2023,58.21,20.29,0.39,0.55,4.79,12.38,32.07,5.01,38.58,0.96,1.46,0,0,0,1.65,260.1,29.18,74.46,311.22,0,58
28-03-2023,66.86,25.82,1.95,0.55,4.78,12.27,31.88,4.97,38.51,0.96,1.45,0,0,0,1.83,259.97,29.91,73.72,320.85,0,67
29-03-2023,47.22,19.61,2.52,0.65,4.78,12.34,32.02,4.99,38.49,0.96,1.46,0,0,0,1.69,257.63,27.01,87.97,282.55,0,47
30-03-2023,47.89,15.89,0.31,0.38,4.81,12.26,31.97,4.99,38.69,0.96,1.45,0,0,0,1.64,258.28,28.77,78.39,305.83,0,48
1/5/2023,51.93,18.19,1.07,0.49,4.78,12.31,32.03,4.98,38.49,0.96,1.46,0,0,0,1.88,258.94,28.65,78.97,304.16,0,104
2/5/2023,47.1,20.31,3.75,0.34,4.81,12.29,32.05,5,38.7,0.96,1.46,0,0,0,2.06,259.01,27.81,80.91,293.15,0,47
3/5/2023,53.44,16.61,0.71,0.58,4.8,12.34,32.09,4.99,38.62,0.96,1.46,0,0,0,1.86,258.13,27.89,82.38,294.2,0,53
4/5/2023,81.97,25.24,0.41,0.54,4.79,12.29,31.93,5.02,38.55,0.96,1.46,0,0,0,1.81,258.49,29.3,76.4,312.74,0,82
5/5/2023,77.85,25.05,2.09,0.42,4.82,12.35,32.18,4.99,38.73,0.96,1.46,0,0,0,1.61,258.12,29.24,75.16,312.02,0,78
9/5/2023,69.54,22.31,0.62,0.34,4.87,12.22,31.88,4.98,39.06,0.96,1.45,0,0,0,2.2,257.8,30.32,70.64,326.24,0,70
10/5/2023,67.98,25.36,1.72,0.39,4.81,12.29,32.1,4.99,38.69,0.96,1.46,0,0,0,2.1,257.39,30.14,74.57,323.78,0,68
11/5/2023,57.11,20.59,1.91,0.38,4.83,12.3,32.1,4.97,38.81,0.96,1.46,0,0,0,1.92,257.53,30.11,74.48,323.4,0,57
12/5/2023,66.91,21.77,0.35,0.4,4.78,12.36,32.06,4.96,38.52,0.96,1.46,0,0,0,1.72,257.27,30.06,73.36,322.78,0,67
13-05-2023,61.64,16.43,0.88,0.47,4.82,12.4,32.05,4.99,38.72,0.96,1.46,0,0,0,1.86,257.26,29.98,75.33,321.71,0,62
14-05-2023,65.6,18.03,2.51,0.35,4.8,12.38,31.94,4.99,38.64,0.96,1.46,0,0,0,1.82,257.44,30.17,79.46,324.22,0,66
15-05-2023,69.94,17.65,0.91,0.41,4.8,12.26,31.97,4.95,38.64,0.96,1.45,0,0,0,1.85,257.58,29.86,77.76,320.19,0,70
16-05-2023,90.95,23,0.11,0.38,4.74,12.22,31.97,4.96,38.26,0.96,1.45,0,0,0,2.04,258.04,30.39,75.72,327.18,0,91
17-05-2023,95,22.24,2.05,0.36,4.83,12.36,32.03,4.99,38.8,0.96,1.46,0,0,0,1.89,257.69,30.68,76.22,330.98,0,95
18-05-2023,90.13,23.19,3.09,0.49,4.78,12.27,32.02,5.01,38.54,0.96,1.45,0,0,0,1.81,257.47,30.24,75.59,325.15,0,90
19-05-2023,93.95,21.64,0.33,0.44,4.85,12.32,32.03,4.96,38.93,0.96,1.46,0,0,0,1.86,257.34,29.75,77.29,318.66,0,94
20-05-2023,84.73,18.51,0.21,0.44,4.87,12.25,32.11,4.97,39.06,0.96,1.45,0,0,0,1.81,257.35,30.02,78.5,322.21,0,85
21-05-2023,75.2,20.91,1.16,0.52,4.81,12.26,31.85,4.98,38.7,0.96,1.45,0,0,0,1.89,257.5,29.99,78.04,321.9,0,75
22-05-2023,66.08,15.74,2.08,0.49,4.78,12.38,32.05,5.02,38.49,0.96,1.46,0,0,0,1.91,259.73,29.25,75.37,312.07,0,66
23-05-2023,69.03,16.49,1.12,0.51,4.79,12.35,31.93,5.02,38.57,0.96,1.46,0,0,0,1.72,258.12,29.36,75.09,313.61,0,69
24-05-2023,60.94,12.12,0.35,0.39,4.85,12.34,32.03,4.99,38.9,0.96,1.46,0,0,0,1.83,257.72,29.9,76.17,320.72,0,61
25-05-2023,59.97,13.21,0.45,0.36,4.83,12.27,32.11,4.99,38.81,0.96,1.45,0,0,0,1.88,257.94,29.59,78.73,316.52,0,60
26-05-2023,55.14,11.64,1.73,0.69,4.8,12.37,32.08,5,38.63,0.96,1.46,0,0,0,1.54,257.28,27.76,85.01,292.38,0,55
27-05-2023,69.22,14.87,1.03,0.4,4.78,12.25,32.08,5.01,38.52,0.96,1.45,0,0,0,2.04,257.57,29.58,76.11,316.48,0,69
28-05-2023,69.31,12.23,1.82,0.46,4.77,12.31,31.92,4.98,38.46,0.96,1.46,0,0,0,2.2,257.49,29.97,76.32,321.56,0,69
29-05-2023,76.95,22.71,0.53,0.44,4.8,12.17,31.97,4.99,38.62,0.96,1.45,0,0,0,1.96,257.64,29.95,72.94,321.39,0,77
30-05-2023,76.76,19.83,2.12,0.4,4.82,12.23,31.95,4.98,38.55,0.96,1.45,0,0,0,1.88,259.25,29.27,75.36,312.34,0,77
31-05-2023,75.3,31,3.53,0.41,4.78,12.3,32.02,4.97,38.67,0.96,1.45,0,0,0,1.8,257.54,29.32,77.87,312.98,0,75
1/6/2023,67.68,31,4.07,0.37,4.81,12.34,32.11,5.02,38.7,0.96,1.45,0,0,0,1.82,260.87,28.97,78.2,308.45,0,68
9/6/2023,42.84,31,1.95,0.9,4.86,12.32,31.79,4.96,38.96,0.96,1.46,0,0,0,1.33,260.45,25.01,97.57,256.1,0,52
17-06-2023,54.6,28.8,3.35,0.66,4.69,12.34,32,4.98,37.99,0.96,1.46,0,0,0,1.59,259.37,26.36,92.92,273.91,0,54
18-06-2023,49.95,29,5.09,0.38,4.81,12.33,32.09,4.94,38.67,0.96,1.45,0,0,0,2.03,259.02,27.51,84.58,289.07,0,50
19-06-2023,51.83,29,0.38,0.43,4.78,12.36,31.99,4.97,38.52,0.96,1.46,0,0,0,1.7,259.63,27.52,86.99,289.2,0,52
20-06-2023,63.49,29,2.58,0.47,4.81,12.22,31.97,4.99,38.69,0.96,1.46,0,0,0,1.36,257.17,26.99,91.75,282.25,0,52
21-06-2023,67.55,28.9,5.36,0.49,4.74,12.29,32.04,4.96,38.3,0.96,1.46,0,0,0,1.41,257.5,26.78,90.44,279.48,0,68
22-06-2023,66.47,29,0.18,0.43,4.78,12.38,32.1,5,38.49,0.96,1.45,0,0,0,1.56,258.44,27.63,85.3,290.67,0,66
23-06-2023,77.4,22.5,2.98,0.62,4.73,12.25,31.89,4.96,38.2,0.96,1.45,0,0,0,1.83,258.19,27.9,83.49,294.34,0,77
24-06-2023,85.99,14.5,3.81,0.63,4.72,12.42,31.94,4.96,38.14,0.96,1.46,0,0,0,1.74,258.82,27.68,83.24,291.36,0,86
25-06-2023,58.19,12.1,0.69,0.28,4.81,12.34,32.13,4.99,38.71,0.96,1.46,0,0,0,1.66,260.45,26.04,88.77,269.67,0,58
26-06-2023,39.32,11,4.24,0.45,4.81,12.34,32,4.98,38.7,0.96,1.46,0,0,0,1.59,259.82,26.6,85.12,277.13,0,39
27-06-2023,40.24,13.8,2.56,0.47,4.86,12.27,32.02,4.95,38.98,0.96,1.45,0,0,0,1.51,257.79,24.25,96.83,246.05,0,40
28-06-2023,42.36,12.8,0.96,0.52,4.83,12.32,32.04,4.94,38.79,0.96,1.46,0,0,0,1.47,258.2,26,90.71,269.14,0,42
29-06-2023,40.05,14.8,1.7,0.74,4.76,12.36,31.98,4.98,38.38,0.96,1.46,0,0,0,1.75,257.66,26.22,89.69,272.1,0,40
30-06-2023,55.12,11.5,3.26,0.56,4.79,12.33,31.95,4.96,38.55,0.96,1.46,0,0,0,1.78,258.12,27.27,85.77,286.02,0,55
1/7/2023,54.08,10.41,0.86,0.48,4.74,12.33,32.05,5.03,38.29,0.96,1.46,0,0,0,2.16,260.29,27.69,84.03,291.43,1.9,54
2/7/2023,47.94,14.29,0.84,0.35,4.76,12.31,32.01,5.01,38.4,0.96,1.46,0,0,0,1.86,258.9,26.83,90.13,280.17,2.1,48
3/7/2023,34.02,11.66,1.37,0.45,4.82,12.36,31.99,4.99,38.73,0.96,1.46,0,0,0,1.54,260.5,24.27,98.41,246.4,3.4,39
4/7/2023,37.49,10.49,0.33,0.47,4.82,12.29,31.93,4.96,38.73,0.96,1.46,0,0,0,1.7,259.01,23.67,99.16,238.41,0,39
5/7/2023,43.23,16.33,1.44,0.47,4.87,12.26,32.02,5.02,39.01,0.96,1.45,0,0,0,1.64,259.62,23.81,98.17,240.26,0,43
6/7/2023,41.02,29.25,2.35,0.67,4.85,12.31,32.02,4.96,38.89,0.96,1.46,0,0,0,1.47,258.74,24.38,97.14,247.84,0,49
7/7/2023,40.89,28.92,0.69,0.54,4.76,12.27,31.97,5.01,38.41,0.96,1.45,0,0,0,1.49,257.42,25.37,96.04,260.94,0,48
8/7/2023,39.04,28.91,1.3,0.7,4.76,12.26,32.01,4.99,38.39,0.96,1.45,0,0,0,1.52,258.21,24.98,95.78,255.7,0,48
15-07-2023,48.34,29.06,4.2,0.79,4.83,12.44,32.06,5.03,38.78,0.96,1.46,0,0,0,1.76,256.89,27.09,86.27,283.57,0,48
16-07-2023,53.76,29.04,4.2,0.6,4.82,12.34,31.99,5.02,38.73,0.96,1.46,0,0,0,1.83,256.72,27.53,86.81,289.34,0,54
17-07-2023,57.39,29.04,4.2,0.51,4.82,12.34,31.91,5.01,38.73,0.96,1.46,0,0,0,1.82,256.98,27.07,89.91,283.38,0,57
18-07-2023,52.58,28.96,4.18,0.33,4.78,12.37,32.01,5.02,38.51,0.96,1.46,0,0,0,2.12,257.04,27.75,86.4,292.28,0,53
19-07-2023,52.47,29.16,4.23,0.6,4.87,12.32,31.97,4.97,39.05,0.96,1.46,0,0,0,1.85,257.38,26.73,89.46,278.83,0,52
20-07-2023,66.75,28.95,4.18,0.64,4.78,12.16,31.95,5.03,38.5,0.96,1.45,0,0,0,2.4,258.44,27.82,84.97,293.15,0,67
21-07-2023,74.79,28.97,4.18,0.59,4.79,12.33,31.91,4.96,38.55,0.96,1.46,0,0,0,2.19,259.5,27.88,86.31,294.06,0,75
22-07-2023,62,29.03,4.2,1.09,4.81,12.36,31.95,5.02,38.71,0.96,1.46,0,0,0,1.37,259.38,25.52,95.49,262.9,0,62
23-07-2023,41.11,29.1,4.21,0.48,4.84,12.31,31.9,5,38.88,0.96,1.46,0,0,0,1.82,258.56,24.52,97.8,249.62,0,49
24-07-2023,38.78,29.13,4.22,0.53,4.86,12.24,31.98,4.95,38.97,0.96,1.45,0,0,0,1.45,258.17,23.79,98.37,240.08,0,49
25-07-2023,33.41,29.02,4.19,0.64,4.81,12.22,31.97,4.97,38.69,0.96,1.45,0,0,0,1.62,259.7,24.03,96.25,243.26,0,48
26-07-2023,41.47,29.04,4.2,0.8,4.82,12.24,31.99,4.96,38.73,0.96,1.45,0,0,0,1.6,257.99,24.58,94.07,250.47,0,48
27-07-2023,44.93,29.05,4.2,0.95,4.82,12.31,31.95,5.01,38.76,0.96,1.46,0,0,0,1.61,257.67,25.27,90.09,259.56,0.01,48
28-07-2023,47.57,28.33,4.2,0.54,4.82,12.24,31.95,4.95,38.77,0.96,1.45,0,0,0,2.1,256.38,26.12,85.6,270.77,0,48
29-07-2023,59.96,33.51,4.19,0.52,4.8,12.37,31.96,4.94,38.65,0.96,1.46,0,0,0,2.64,259.29,27.26,83.57,285.86,0,60
30-07-2023,54.46,28.01,4.18,0.61,4.78,12.33,32.08,5.01,38.53,0.96,1.46,0,0,0,2.47,261.11,27.08,84.81,283.4,0,54
31-07-2023,53.68,27.23,4.16,0.54,4.75,12.19,32,5.03,38.31,0.96,1.45,0,0,0,2.36,260.26,27.13,86.3,284.08,0,54
1/8/2023,54.25,27.8,4.22,0.55,4.86,12.35,32,5.01,38.98,0.96,1.46,0,0,0,2.56,257.87,27.45,85.75,288.36,0,54
2/8/2023,64.23,37.78,4.2,0.63,4.82,12.28,31.93,4.96,38.75,0.96,1.46,0,0,0,2.19,254.4,27.48,85.08,288.76,0,64
3/8/2023,39.14,19.43,4.18,0.52,4.78,12.2,32.04,5.04,38.53,0.96,1.45,0,0,0,2.58,254.52,27.7,84.87,291.61,0,39
4/8/2023,8.25,0,4.18,0.8,4.77,12.25,32.03,4.97,38.48,0.96,1.45,0,0,0,2.13,254.06,27.28,86.27,286.15,0,40
5/8/2023,9.73,0,4.17,0.43,4.77,12.23,31.89,5.02,38.46,0.96,1.45,0,0,0,2.23,256.45,27.33,84.01,286.72,0,38
6/8/2023,8.5,0,4.17,0.41,4.76,12.25,32.09,4.97,38.39,0.96,1.45,0,0,0,2.4,254.58,27.67,83.56,291.3,0,38
7/8/2023,8.77,0,4.17,0.43,4.77,12.28,32.07,5.01,38.43,0.96,1.46,0,0,0,2.44,254.09,28.01,80.73,295.75,0,38
8/8/2023,34.1,3.99,4.18,0.57,4.79,12.25,31.98,4.98,38.58,0.96,1.45,0,0,0,2.09,253.59,27.53,84.75,289.42,0,39
9/8/2023,68.16,9.41,4.19,0.52,4.79,12.28,32.04,4.97,38.59,0.96,1.46,0,0,0,2.09,253.23,27.76,82.11,292.49,0,68
10/8/2023,67.35,10.33,4.18,0.86,4.71,11.98,30.66,4.81,38.47,0.96,1.45,0,0,0,2.21,253.61,28.02,81.99,295.87,0,67
11/8/2023,58.66,30.71,4.21,0.56,3.83,7.81,10.37,2.98,38.88,0.96,1.45,0,0,0,2.68,253.48,28.46,80.05,301.72,0,59
12/8/2023,57.88,30.36,4.17,0.58,3.77,7.94,10.48,3.02,38.42,0.96,1.46,0,0,0,2.84,253.61,28.19,80.77,298.15,0,58
13-08-2023,58.47,30.63,4.2,0.55,3.82,7.84,10.55,2.96,38.77,0.96,1.45,0,0,0,2.46,253.05,27.87,81.04,293.9,0,58
14-08-2023,57.85,30.35,4.17,0.6,3.77,7.9,10.52,3,38.4,0.96,1.46,0,0,0,2.17,252.24,27.51,80.94,289.13,0,58
15-08-2023,58.32,30.56,4.19,0.53,3.81,7.82,10.55,3.01,38.68,0.96,1.45,0,0,0,1.97,252.28,27.44,78.02,288.23,0,58
16-08-2023,57.88,30.36,4.17,0.6,3.77,7.91,10.47,2.99,38.42,0.96,1.46,0,0,0,1.64,252.32,27.35,80.95,286.99,0,58
17-08-2023,58.26,30.53,4.19,0.41,3.8,7.92,10.44,2.97,38.64,0.96,1.46,0,0,0,1.87,252.74,27.89,79.02,294.16,0,58
18-08-2023,58.29,30.55,4.19,0.69,3.8,7.93,10.45,2.98,38.66,0.96,1.46,0,0,0,1.72,252.72,27.28,82.09,286.11,0,58
19-08-2023,58.34,30.57,4.19,0.83,3.81,7.97,10.51,3,38.69,0.96,1.46,0,0,0,1.69,253.32,26.4,86.98,274.46,0,58
20-08-2023,58.6,30.69,4.21,0.39,3.83,7.97,10.69,2.99,38.84,0.96,1.46,0,0,0,2.11,252.11,27.66,81.25,291.09,0,59
21-08-2023,58.06,30.44,4.18,0.67,3.79,7.93,10.5,2.97,38.53,0.96,1.46,0,0,0,2.36,251.79,28.21,80.13,298.35,0,58
22-08-2023,58.49,30.64,4.2,0.57,3.82,7.93,10.46,2.96,38.78,0.96,1.46,0,0,0,2.37,251.6,28.57,78.52,303.06,0,58
23-08-2023,58.05,30.44,4.18,0.45,3.79,7.95,10.59,2.99,38.52,0.96,1.46,0,0,0,2.34,251.55,28.82,76.38,306.4,0,58
24-08-2023,57.84,30.34,4.17,0.69,3.77,7.82,10.28,2.97,38.4,0.96,1.45,0,0,0,1.94,251.93,27.74,79.21,292.11,0,58
25-08-2023,58.42,30.61,4.2,0.73,3.81,7.88,10.56,2.99,38.74,0.96,1.45,0,0,0,1.74,251.81,27.8,79.74,292.94,0,58
26-08-2023,57.62,30.24,4.16,0.82,3.76,7.97,10.59,3,38.27,0.96,1.46,0,0,0,1.62,251.76,27.86,81.32,293.79,0,58
27-08-2023,58.37,30.58,4.2,0.72,3.81,8.03,10.37,2.97,38.71,0.96,1.46,0,0,0,1.71,251.58,27.92,80.78,294.57,0,58
28-08-2023,58.88,30.82,4.22,0.66,3.85,7.89,10.56,3,39.01,0.96,1.46,0,0,0,1.68,252.11,27.89,79.18,294.1,0,59
29-08-2023,58.49,30.64,4.2,0.39,3.82,7.92,10.39,2.97,38.78,0.96,1.46,0,0,0,2.47,251.54,28.02,78.45,295.82,0,58
30-08-2023,58.26,30.53,4.19,0.39,3.8,7.91,10.36,3,38.65,0.96,1.46,0,0,0,2.16,251.34,28.67,79.77,304.42,0,58
31-08-2023,58.11,30.47,4.18,0.44,3.79,7.84,10.48,2.98,38.56,0.96,1.45,0,0,0,1.95,251.45,28.64,80.01,304.09,0,58
1/9/2023,54.25,27.8,4.22,0.55,4.86,12.35,32,5.01,38.98,0.96,1.46,0,0,0,2.56,257.87,27.45,85.75,288.36,0,54
2/9/2023,64.23,37.78,4.2,0.63,4.82,12.28,31.93,4.96,38.75,0.96,1.46,0,0,0,2.19,254.4,27.48,85.08,288.76,0,64
3/9/2023,39.14,19.43,4.18,0.52,4.78,12.2,32.04,5.04,38.53,0.96,1.45,0,0,0,2.58,254.52,27.7,84.87,291.61,0,39
4/9/2023,8.25,0,4.18,0.8,4.77,12.25,32.03,4.97,38.48,0.96,1.45,0,0,0,2.13,254.06,27.28,86.27,286.15,0,40
5/9/2023,9.73,0,4.17,0.43,4.77,12.23,31.89,5.02,38.46,0.96,1.45,0,0,0,2.23,256.45,27.33,84.01,286.72,0,38
6/9/2023,8.5,0,4.17,0.41,4.76,12.25,32.09,4.97,38.39,0.96,1.45,0,0,0,2.4,254.58,27.67,83.56,291.3,0,38
7/9/2023,8.77,0,4.17,0.43,4.77,12.28,32.07,5.01,38.43,0.96,1.46,0,0,0,2.44,254.09,28.01,80.73,295.75,0,38
8/9/2023,34.1,3.99,4.18,0.57,4.79,12.25,31.98,4.98,38.58,0.96,1.45,0,0,0,2.09,253.59,27.53,84.75,289.42,0,39
9/9/2023,68.16,9.41,4.19,0.52,4.79,12.28,32.04,4.97,38.59,0.96,1.46,0,0,0,2.09,253.23,27.76,82.11,292.49,0,68
10/9/2023,67.35,10.33,4.18,0.86,4.71,11.98,30.66,4.81,38.47,0.96,1.45,0,0,0,2.21,253.61,28.02,81.99,295.87,0,67
11/9/2023,58.66,30.71,4.21,0.56,3.83,7.81,10.37,2.98,38.88,0.96,1.45,0,0,0,2.68,253.48,28.46,80.05,301.72,0,59
12/9/2023,57.88,30.36,4.17,0.58,3.77,7.94,10.48,3.02,38.42,0.96,1.46,0,0,0,2.84,253.61,28.19,80.77,298.15,0,58
13-09-2023,58.47,30.63,4.2,0.55,3.82,7.84,10.55,2.96,38.77,0.96,1.45,0,0,0,2.46,253.05,27.87,81.04,293.9,0,58
14-09-2023,57.85,30.35,4.17,0.6,3.77,7.9,10.52,3,38.4,0.96,1.46,0,0,0,2.17,252.24,27.51,80.94,289.13,0,58
15-09-2023,58.32,30.56,4.19,0.53,3.81,7.82,10.55,3.01,38.68,0.96,1.45,0,0,0,1.97,252.28,27.44,78.02,288.23,0,58
16-09-2023,57.88,30.36,4.17,0.6,3.77,7.91,10.47,2.99,38.42,0.96,1.46,0,0,0,1.64,252.32,27.35,80.95,286.99,0,58
17-09-2023,58.26,30.53,4.19,0.41,3.8,7.92,10.44,2.97,38.64,0.96,1.46,0,0,0,1.87,252.74,27.89,79.02,294.16,0,58
18-09-2023,58.29,30.55,4.19,0.69,3.8,7.93,10.45,2.98,38.66,0.96,1.46,0,0,0,1.72,252.72,27.28,82.09,286.11,0,58
19-09-2023,58.34,30.57,4.19,0.83,3.81,7.97,10.51,3,38.69,0.96,1.46,0,0,0,1.69,253.32,26.4,86.98,274.46,0,58
20-09-2023,58.6,30.69,4.21,0.39,3.83,7.97,10.69,2.99,38.84,0.96,1.46,0,0,0,2.11,252.11,27.66,81.25,291.09,0,59
21-09-2023,58.06,30.44,4.18,0.67,3.79,7.93,10.5,2.97,38.53,0.96,1.46,0,0,0,2.36,251.79,28.21,80.13,298.35,0,58
22-09-2023,58.49,30.64,4.2,0.57,3.82,7.93,10.46,2.96,38.78,0.96,1.46,0,0,0,2.37,251.6,28.57,78.52,303.06,0,58
23-09-2023,58.05,30.44,4.18,0.45,3.79,7.95,10.59,2.99,38.52,0.96,1.46,0,0,0,2.34,251.55,28.82,76.38,306.4,0,58
24-09-2023,57.84,30.34,4.17,0.69,3.77,7.82,10.28,2.97,38.4,0.96,1.45,0,0,0,1.94,251.93,27.74,79.21,292.11,0,58
25-09-2023,58.42,30.61,4.2,0.73,3.81,7.88,10.56,2.99,38.74,0.96,1.45,0,0,0,1.74,251.81,27.8,79.74,292.94,0,58
26-09-2023,57.62,30.24,4.16,0.82,3.76,7.97,10.59,3,38.27,0.96,1.46,0,0,0,1.62,251.76,27.86,81.32,293.79,0,58
27-09-2023,58.37,30.58,4.2,0.72,3.81,8.03,10.37,2.97,38.71,0.96,1.46,0,0,0,1.71,251.58,27.92,80.78,294.57,0,58
28-09-2023,58.88,30.82,4.22,0.66,3.85,7.89,10.56,3,39.01,0.96,1.46,0,0,0,1.68,252.11,27.89,79.18,294.1,0,59
29-09-2023,58.49,30.64,4.2,0.39,3.82,7.92,10.39,2.97,38.78,0.96,1.46,0,0,0,2.47,251.54,28.02,78.45,295.82,0,58
30-09-2023,58.26,30.53,4.19,0.39,3.8,7.91,10.36,3,38.65,0.96,1.46,0,0,0,2.16,251.34,28.67,79.77,304.42,0,58
1/10/2023,59.34,30.39,4.17,0.73,3.88,7.85,10.52,2.97,39.27,0.96,1.46,0,0,0,1.5,257.9,24.51,98.68,249.55,0,59
2/10/2023,59.1,30.37,4.17,0.78,3.86,7.94,10.59,3.02,39.18,0.96,1.45,0,0,0,1.56,257.1,26.16,91.56,271.31,0,59
3/10/2023,56.88,30.35,4.17,0.93,3.7,7.98,10.36,3.02,37.95,0.96,1.46,0,0,0,1.46,254.1,27.08,86.7,283.47,0,57
5/10/2023,58.34,30.57,4.2,0.71,3.81,7.91,10.5,3.01,38.69,0.96,1.46,0,0,0,1.73,255.2,27.8,81.95,292.99,0,58
6/10/2023,58.23,30.52,4.19,0.84,3.8,7.94,10.4,3,38.63,0.96,1.46,0,0,0,1.59,254.8,27.4,81.5,287.69,0,58
7/10/2023,57.81,30.33,4.17,0.64,3.77,7.89,10.56,2.99,38.36,0.96,1.46,0,0,0,1.54,254.2,27.23,80.34,285.41,0,58
8/10/2023,57.8,30.33,4.17,0.45,3.77,7.92,10.46,2.98,38.38,0.96,1.46,0,0,0,1.52,254.2,27.63,80.11,290.75,0,58
9/10/2023,58.75,30.76,4.22,0.56,3.84,7.87,10.48,2.96,38.93,0.96,1.46,0,0,0,1.59,253.3,28.09,79.56,296.78,0,59
10/10/2023,58.7,30.73,4.21,0.44,3.83,7.97,10.45,3,38.9,0.96,1.46,0,0,0,1.56,252.7,28.46,77.92,301.69,0,59
11/10/2023,57.47,30.28,4.15,0.45,3.76,7.97,10.56,2.96,38.35,0.96,1.46,0,0,0,1.49,252.2,27.42,85.51,287.93,0,57
12/10/2023,57.85,30.43,4.17,0.32,3.79,7.93,10.69,2.97,38.52,0.96,1.46,0,0,0,1.68,253.5,27.08,86.21,283.41,0,58
13-10-2023,57.71,30.29,4.16,0.34,3.76,7.91,10.52,3,38.33,0.96,1.46,0,0,0,1.37,253.5,26.17,89,271.4,0,58
14-10-2023,58.58,30.68,4.21,0.28,3.83,7.83,10.47,2.99,38.83,0.96,1.45,0,0,0,1.58,252.5,26.95,86.05,281.74,0,59
15-10-2023,57.99,30.41,4.18,0.34,3.78,7.84,10.42,2.99,38.49,0.96,1.46,0,0,0,1.36,252.1,26.83,88.22,280.08,0,58
16-10-2023,58.35,30.58,4.2,0.3,3.81,7.94,10.6,2.97,38.7,0.96,1.46,0,0,0,1.43,253.1,27.72,81.93,291.86,0,58
17-10-2023,58.02,30.42,4.18,0.3,3.78,7.89,10.53,3.01,38.5,0.96,1.46,0,0,0,1.62,253.3,27.53,83.4,289.34,0,58
18-10-2023,57.15,30.03,4.13,0.34,3.72,7.86,10.62,2.96,37.99,0.96,1.46,0,0,0,1.48,253.3,28.23,81.37,298.57,0,57
19-10-2023,58.52,30.65,4.2,0.29,3.82,7.94,10.42,2.97,38.8,0.96,1.46,0,0,0,1.49,253.3,28.01,82.7,295.67,0,59
20-10-2023,58.95,30.84,4.23,0.28,3.85,7.92,10.56,2.98,39.04,0.96,1.46,0,0,0,1.47,253.4,27.78,84.14,292.75,0,59
21-10-2023,58.05,30.44,4.18,0.39,3.79,8.03,10.45,2.97,38.46,0.96,1.47,0,0,0,1.49,253.8,27.94,84.92,294.74,0,58
22-10-2023,58.15,30.59,4.19,0.29,3.81,7.99,10.43,3,38.71,0.96,1.46,0,0,0,1.46,253.3,26.8,90.3,279.73,0,58
23-10-2023,57.98,30.22,4.18,0.3,3.75,7.87,10.58,3.01,38.24,0.96,1.46,0,0,0,1.62,251.6,26.79,87.77,279.59,0,58
24-10-2023,57.73,30.2,4.16,0.35,3.75,7.91,10.43,3.02,38.2,0.96,1.46,0,0,0,1.55,251.1,27.28,84.01,286.07,0,58
25-10-2023,58.1,30.56,4.18,0.38,3.81,7.84,10.65,2.98,0.38,0.96,1.45,0,0,0,1.34,251.1,27.02,86.43,282.7,0,58
26-10-2023,57.96,30.88,4.17,0.4,3.86,7.85,10.47,3,0.4,0.96,1.45,0,0,0,1.53,251.3,27.85,84.9,293.6,0,58
27-10-2023,57.54,30.77,4.15,0.3,3.84,7.91,10.35,2.97,0.3,0.96,1.45,0,0,0,1.37,251.1,28.28,82.8,299.32,0,58
28-10-2023,58.13,30.48,4.18,0.29,3.79,7.84,10.6,3.01,0.29,0.96,1.45,0,0,0,1.31,251.3,27.78,85.54,292.65,0,58
29-10-2023,58.34,30.57,4.18,0.35,3.81,7.93,10.56,2.98,0.35,0.96,1.46,0,0,0,1.56,251,27.54,82.14,289.5,4,58
30-10-2023,58.46,30.62,4.18,0.49,3.82,7.93,10.43,2.97,38.76,0.96,1.46,0,0,0,1.33,250.2,26.51,88.02,275.87,0,58
31-10-2023,58.29,30.55,4.2,0.35,3.8,7.95,10.56,3,38.66,0.96,1.46,0,0,0,1.59,250.2,27.85,81.73,293.64,0,58
1/11/2023,58.22,30.52,4.13,0.33,3.8,7.9,10.49,2.99,38.6,0.96,1.46,0,0,0,1.63,250.2,28.16,81.79,297.71,0,58
3/11/2023,58.6,30.69,4.21,0.33,3.83,7.85,10.48,3.01,38.8,0.96,1.45,0,0,0,1.59,250.3,28.01,82.51,295.7,0,59
4/11/2023,57.53,30.21,4.16,0.29,3.75,7.89,10.49,2.98,38.2,0.96,1.46,0,0,0,1.5,250.76,25.62,92.98,264.25,0,58
5/11/2023,58.16,30.49,4.18,0.47,3.8,7.98,10.52,3,38.6,0.96,1.45,0,0,0,1.36,250.63,26.04,89.25,269.7,0,58
6/11/2023,58.2,30.51,4.21,0.4,3.8,7.91,10.53,3,38.6,0.96,1.46,0,0,0,1.56,251.13,27.31,87.15,286.47,0,58
7/11/2023,58.23,30.52,4.2,0.57,3.8,7.9,10.44,3.01,38.6,0.96,1.46,0,0,0,1.26,251.06,27.32,88.77,286.65,0,58
8/11/2023,58.08,30.45,4.18,0.37,3.79,7.86,10.39,2.97,38.5,0.96,1.46,0,0,0,1.7,251.1,27.58,84.28,290.04,0,58
9/11/2023,58.32,30.56,4.21,0.52,3.81,7.98,10.5,2.99,38.7,0.96,1.46,0,0,0,1.26,251.03,25.65,93.35,264.64,0,58
10/11/2023,58.19,30.5,4.19,0.51,3.8,7.94,10.61,3.03,38.6,0.96,1.46,0,0,0,1.52,252.13,27.02,87.66,282.71,0,58
11/11/2023,58.33,30.57,4.19,0.47,3.81,8,10.46,3.01,38.7,0.96,1.46,0,0,0,1.66,251.82,29.3,73.82,312.73,0,58
12/11/2023,58.35,30.57,5.36,0.97,4.09,7.88,11.74,3.04,38.7,0.96,1.46,0,0,0,1.7,251.09,28.02,67.58,295.9,0,58
13-11-2023,57.93,30.39,3.66,0.92,5.74,7.9,18.53,3,38.5,0.96,1.46,0,0,0,1.62,250.91,27.6,68.6,290.31,0,58
14-11-2023,58.35,30.56,5.85,0.63,5.76,7.93,18.5,2.97,38.7,0.96,1.46,0,0,0,1.55,251.11,27.57,72.46,289.94,0,58
15-11-2023,58.35,30.4,6.29,0.66,5.76,7.9,18.35,2.98,38.5,0.96,1.46,0,0,0,1.69,250.73,28.71,63.88,304.92,0,58
16-11-2023,57.08,30.46,1.51,0.68,5.69,7.93,18.43,3,38.6,0.96,1.46,0,0,0,1.32,250.27,28.61,77.56,303.63,0,57
17-11-2023,58.69,30.88,6.03,0.43,5.77,7.84,18.48,3.02,39.1,0.96,1.46,0,0,0,1.35,250.26,28.68,83.71,304.56,0,59
18-11-2023,58.65,30.68,7.84,0.7,5.77,7.87,18.32,2.97,38.8,0.96,1.45,0,0,0,1.24,250.72,28.06,87.17,296.32,0,59
19-11-2023,58.92,30.83,0.84,0.65,5.79,7.94,18.44,2.99,39,0.96,1.46,0,0,0,1.42,251.08,28.51,78.76,302.36,0,59
20-11-2023,58.85,30.8,6.58,0.59,5.78,7.9,18.5,2.99,39,0.96,1.46,0,0,0,1.44,251.09,28.03,75.28,296.05,0,59
21-11-2023,58.31,30.56,8.37,0.37,5.75,7.88,18.39,2.98,38.7,0.96,1.46,0,0,0,1.86,251.1,28.94,75.72,308,0,58
22-11-2023,58.86,30.8,2.48,0.28,5.78,7.91,18.44,2.93,39,0.96,1.46,0,0,0,1.45,251.06,27.13,88,284.14,0,59
23-11-2023,58.09,30.46,2.35,0.43,5.74,7.89,18.47,3.02,38.6,0.96,1.45,0,0,0,1.14,251.04,26.93,88.82,281.5,0,58
24-11-2023,57.72,30.29,3.2,0.6,5.72,7.87,18.37,2.97,34.6,0.96,1.46,0,0,0,1.41,250.37,28.22,79.92,298.56,0,58
25-11-2023,57.92,30.38,1.67,0.45,5.73,7.88,18.35,2.98,26.1,0.96,1.46,0,0,0,1.67,250.57,29,74.81,308.78,0,58
26-11-2023,58.02,30.43,7.66,0.39,5.74,7.93,18.49,2.94,26,0.96,1.46,0,0,0,2.48,251.54,28.86,68.88,306.91,0,58
27-11-2023,58.27,30.54,6.96,0.55,5.75,7.91,18.57,2.99,26,0.96,1.46,0,0,0,1.96,251.09,28.81,68.56,306.27,0,58
28-11-2023,58.78,30.77,2.71,0.68,5.78,7.93,18.66,3.01,25.9,0.96,1.46,0,0,0,1.59,251.11,28.77,70.83,305.8,0,59
29-11-2023,58.09,30.46,5.4,0.71,5.74,7.93,18.46,2.97,25.6,0.96,1.46,0,0,0,1.43,251.89,28.49,73.76,302.07,0,58
30-11-2023,58.33,30.56,5.64,0.5,5.75,8,18.32,2.98,26.5,0.96,1.46,0,0,0,2.02,251.99,29.34,68.51,313.23,0,58
1/12/2023,58.01,30.42,3.27,0.4,5.74,7.88,18.42,3.01,26.06,0.96,1.46,0,0,0,1.73,251.14,28.9,72.78,307.72,0,58
2/12/2023,57.95,30.39,7.99,0.6,5.78,7.95,18.43,2.99,25.91,0.96,1.46,0,0,0,1.46,251.11,28.8,79.33,305.72,0,58
3/12/2023,57.35,30.12,4.65,0.3,5.75,7.85,18.51,2.97,25.61,0.96,1.45,0,0,0,1.46,251.56,28.5,83.12,301.86,0,57
4/12/2023,58.13,30.47,2.22,0.5,5.76,7.9,18.46,3,25.28,0.96,1.46,0,0,0,1.44,253.62,28.1,84.51,297.38,0,58
5/12/2023,58.64,30.7,5.57,0.6,5.76,7.89,18.68,2.98,24.92,0.96,1.45,0,0,0,1.47,255.22,27.8,85.04,292.74,0,59
6/12/2023,58.35,30.58,4.43,0.4,5.76,7.86,18.5,2.98,25.35,0.96,1.45,0,0,0,1.45,255.24,28.2,82.73,298.42,0,58
7/12/2023,58.7,30.73,3.28,0.4,5.77,7.83,18.59,2.99,25.26,0.96,1.45,0,0,0,1.42,255.24,28.1,82.99,297.22,0,58
8/12/2023,58.11,30.47,3.89,0.4,5.74,7.93,18.51,3.01,25.45,0.96,1.46,0,0,0,1.42,254.35,28.3,82.77,299.63,0,58
9/12/2023,58.12,30.47,2.35,0.4,5.74,7.88,18.44,2.98,24.87,0.96,1.45,0,0,0,1.51,251.05,27.7,83.4,292.03,0,58
10/12/2023,57.89,30.37,4.42,0.3,5.73,7.9,18.38,3,26,0.96,1.45,0,0,0,1.66,251.14,28.9,77.94,306.95,0,58
11/12/2023,58.78,30.77,8.24,0.5,5.78,7.84,18.48,2.98,25.23,0.96,1.45,0,0,0,1.66,251,28.1,73.91,296.73,0,59
12/12/2023,58.29,30.55,4.87,0.4,5.75,7.99,18.47,2.99,25.39,0.96,1.46,0,0,0,1.51,251.1,28.3,72.01,298.89,0,58
13-12-2023,58.44,30.61,7.96,0.4,5.76,7.99,18.51,2.97,24.35,0.96,1.46,0,0,0,1.89,251.17,27.2,71.53,285.22,0,58
14-12-2023,58.42,30.6,9.76,0.4,5.76,7.94,18.49,3.01,25.09,0.96,1.46,0,0,0,2.27,251.04,28,60.94,294.93,0,58
15-12-2023,58.58,30.68,4.7,0.4,5.77,7.88,18.55,2.98,25.75,0.96,1.45,0,0,0,1.99,251.33,28.6,61.92,303.69,0,59
16-12-2023,58.24,30.52,8.32,0.6,5.75,8,18.39,2.99,25.58,0.96,1.46,0,0,0,1.63,251.09,28.4,65.97,301.42,0,58
17-12-2023,58.01,30.42,5.78,0.4,5.74,7.92,18.44,2.97,24.46,0.96,1.46,0,0,0,1.97,251.1,27.3,73.64,286.58,0,58
18-12-2023,58.12,30.47,2.38,0.4,5.74,8.01,18.43,3.03,23.58,0.96,1.46,0,0,0,2.68,251.28,26.4,70.55,274.77,0,58
19-12-2023,58.48,30.63,6.99,0.5,5.76,7.94,18.42,3.01,25.7,0.96,1.46,0,0,0,2.58,254.52,28.6,59.79,303.05,0,58
20-12-2023,58.74,30.75,6.76,0.4,5.78,7.9,18.38,3.01,26.07,0.96,1.46,0,0,0,2.55,251.08,28.9,60.35,307.81,0,58
21-12-2023,58.05,30.44,9.05,0.4,5.74,7.9,18.4,2.99,25.88,0.96,1.46,0,0,0,2.16,250.96,28.7,63.92,305.35,0,59
22-12-2023,58.3,30.55,5.56,0.6,5.75,7.86,18.58,3.01,25.26,0.96,1.46,0,0,0,1.48,251.12,28.1,68.93,297.19,0,58
23-12-2023,57.67,30.27,11.6,0.5,5.72,7.98,18.7,2.99,24.39,0.96,1.46,0,0,0,1.67,251.02,27.3,69.86,285.63,0,58
24-12-2023,58.12,30.47,7.36,0.3,5.74,7.78,18.5,2.94,25.18,0.96,1.45,0,0,0,2.04,251.1,28,58.82,296.11,0,58
25-12-2023,58.16,30.49,8.38,0.3,5.75,7.96,18.43,2.95,26.2,0.96,1.46,0,0,0,2.7,250.99,29.1,63.71,309.64,0,58
26-12-2023,58.54,30.66,6.79,0.4,5.77,7.91,18.26,2.99,25.75,0.96,1.46,0,0,0,2.33,251.22,28.6,58.03,303.62,0,59
27-12-2023,58.28,30.54,5.8,0.4,5.75,7.9,18.48,3.01,25.75,0.96,1.46,0,0,0,2.34,250.96,28.6,58.13,303.64,0,58
28-12-2023,58.3,30.55,9.52,0.4,5.75,7.9,18.57,2.99,26.25,0.96,1.46,0,0,0,2.63,251.23,29.1,61.74,310.27,0,58
29-12-2023,57.93,30.38,10.8,0.4,5.73,7.95,18.35,3.02,26.21,0.96,1.46,0,0,0,2.85,251.24,29.1,62.63,309.78,0,58
30-12-2023,58.39,30.59,4.07,0.3,5.76,7.98,18.49,2.99,25.52,0.96,1.46,0,0,0,2.58,251.05,28.4,63.03,300.6,0,58
31-12-2023,58.49,30.64,19.3,0.4,5.76,7.85,18.47,3.03,24.44,0.96,1.45,0,0,0,2.68,251.28,27.3,65.14,286.3,0,58
